"","kind","title","htmlTitle","link","displayLink","snippet","htmlSnippet","cacheId","formattedUrl","htmlFormattedUrl"
"1","customsearch#result","Top 10 Skills for a Data Scientist | by Rashi Desai | Towards Data ...","Top 10 <b>Skills</b> for a <b>Data Scientist</b> | by Rashi Desai | Towards Data ...","https://towardsdatascience.com/top-10-skills-for-a-data-scientist-in-2020-2b8e6122a742","towardsdatascience.com","Jan 2, 2020 ... 2. Multivariate Calculus & Linear Algebra. Most machine learning, invariably data 
science models, are built with several predictors or unknown ...","Jan 2, 2020 <b>...</b> 2. Multivariate Calculus &amp; Linear Algebra. Most machine learning, invariably <b>data</b> <br>
<b>science</b> models, are built with several predictors or unknown&nbsp;...","7lTdTxIG4-MJ","https://towardsdatascience.com/top-10-skills-for-a-data-scientist-in-2020- 2b8e6122a742","https://towards<b>datascience</b>.com/top-10-<b>skills</b>-for-a-<b>data</b>-<b>scientist</b>-in-2020- 2b8e6122a742"
"2","customsearch#result","The Most In-Demand Skills for Data Scientists | by Jeff Hale ...","The Most In-Demand <b>Skills</b> for <b>Data Scientists</b> | by Jeff Hale ...","https://towardsdatascience.com/the-most-in-demand-skills-for-data-scientists-4a4a8db896db","towardsdatascience.com","Oct 12, 2018 ... Data scientists are expected to know a lot — machine learning, computer science
, statistics, mathematics, data visualization, communication, ...","Oct 12, 2018 <b>...</b> <b>Data scientists</b> are expected to know a lot — machine learning, computer science<br>
, statistics, mathematics, data visualization, communication,&nbsp;...","HlDg4ewWDWsJ","https://towardsdatascience.com/the-most-in-demand-skills-for-data-scientists- 4a4a8db896db","https://towards<b>datascience</b>.com/the-most-in-demand-<b>skills</b>-for-<b>data</b>-<b>scientists</b>- 4a4a8db896db"
"3","customsearch#result","The Most In-Demand Skills for Data Scientists in 2021 | by Terence ...","The Most In-Demand <b>Skills</b> for <b>Data Scientists</b> in 2021 | by Terence ...","https://towardsdatascience.com/the-most-in-demand-skills-for-data-scientists-in-2021-4b2a808f4005","towardsdatascience.com","An in-depth analysis of the most in-demand skills from webscraping over 15,000 
Data Scientist job postings. Introduction. I just wanted to start off by saying that 
this ...","An in-depth analysis of the most in-demand <b>skills</b> from webscraping over 15,000 <br>
<b>Data Scientist</b> job postings. Introduction. I just wanted to start off by saying that <br>
this&nbsp;...","jh9FsedFoYIJ","https://towardsdatascience.com/the-most-in-demand-skills-for-data-scientists- in-2021-4b2a808f4005","https://towards<b>datascience</b>.com/the-most-in-demand-<b>skills</b>-for-<b>data</b>-<b>scientists</b>- in-2021-4b2a808f4005"
"4","customsearch#result","How I went from zero coding skills to data scientist in 6 months | by ...","How I went from zero coding <b>skills</b> to <b>data scientist</b> in 6 months | by ...","https://towardsdatascience.com/how-i-went-from-zero-coding-skills-to-data-scientist-in-6-months-c2207b65f2f3","towardsdatascience.com","I just needed the practical skills. This story will describe the 4 different courses 
that I took and how they led to a data science job at a healthcare startup in 
Silicone ...","I just needed the practical <b>skills</b>. This story will describe the 4 different courses <br>
that I took and how they led to a <b>data science</b> job at a healthcare startup in <br>
Silicone&nbsp;...","muWpcV0tNVEJ","https://towardsdatascience.com/how-i-went-from-zero-coding-skills-to-data- scientist-in-6-months-c2207b65f2f3","https://towards<b>datascience</b>.com/how-i-went-from-zero-coding-<b>skills</b>-to-<b>data</b>- <b>scientist</b>-in-6-months-c2207b65f2f3"
"5","customsearch#result","Data Science Minimum: 10 Essential Skills You Need to Know to ...","<b>Data Science</b> Minimum: 10 Essential <b>Skills</b> You Need to Know to ...","https://towardsdatascience.com/data-science-minimum-10-essential-skills-you-need-to-know-to-start-doing-data-science-e5a5a9be5991","towardsdatascience.com","10 Essential Skills You Need to Know to Start Doing Data Science · 1. 
Mathematics and Statistics Skills · 2. Essential Programming Skills · 3. Data 
Wrangling and ...","10 Essential <b>Skills</b> You Need to Know to Start Doing <b>Data Science</b> &middot; 1. <br>
Mathematics and Statistics <b>Skills</b> &middot; 2. Essential Programming <b>Skills</b> &middot; 3. Data <br>
Wrangling and&nbsp;...","dcdMRzqXNFkJ","https://towardsdatascience.com/data-science-minimum-10-essential-skills-you -need-to-know-to-start-doing-data-science-e5a5a9be5991","https://towards<b>datascience</b>.com/<b>data</b>-<b>science</b>-minimum-10-essential-<b>skills</b>-you -need-to-know-to-start-doing-<b>data</b>-<b>science</b>-e5a5a9be5991"
"6","customsearch#result","The Most In-Demand Tech Skills for Data Scientists | by Jeff Hale ...","The Most In-Demand Tech <b>Skills</b> for <b>Data Scientists</b> | by Jeff Hale ...","https://towardsdatascience.com/the-most-in-demand-tech-skills-for-data-scientists-d716d10c191d","towardsdatascience.com","Dec 5, 2019 ... In fall of 2018 I analyzed the most in-demand skills and technologies for data 
scientists. That article resonated with folks. It has over 11000 ...","Dec 5, 2019 <b>...</b> In fall of 2018 I analyzed the most in-demand <b>skills</b> and technologies for <b>data</b> <br>
<b>scientists</b>. That article resonated with folks. It has over 11000&nbsp;...","-FqP1emps50J","https://towardsdatascience.com/the-most-in-demand-tech-skills-for-data- scientists-d716d10c191d","https://towards<b>datascience</b>.com/the-most-in-demand-tech-<b>skills</b>-for-<b>data</b>- <b>scientists</b>-d716d10c191d"
"7","customsearch#result","7 Most Recommended Skills to Learn in 2021 to be a Data Scientist ...","7 Most Recommended <b>Skills</b> to Learn in 2021 to be a <b>Data Scientist</b> ...","https://towardsdatascience.com/7-most-recommended-data-science-skills-to-learn-in-2021-ac26933f0e8a","towardsdatascience.com","Jan 1, 2021 ... 1) SQL. SQL is the universal language in the world of data. · 2) Data 
Visualizations & Storytelling. If you think creating data visualizations and ...","Jan 1, 2021 <b>...</b> 1) SQL. SQL is the universal language in the world of <b>data</b>. &middot; 2) <b>Data</b> <br>
Visualizations &amp; Storytelling. If you think creating <b>data</b> visualizations and&nbsp;...","5WPQyeCnogwJ","https://towardsdatascience.com/7-most-recommended-data-science-skills-to- learn-in-2021-ac26933f0e8a","https://towards<b>datascience</b>.com/7-most-recommended-<b>data</b>-<b>science</b>-<b>skills</b>-to- learn-in-2021-ac26933f0e8a"
"8","customsearch#result","Become a Data Scientist in 2020 with these 10 resources | by Rahul ...","Become a <b>Data Scientist</b> in 2020 with these 10 resources | by Rahul ...","https://towardsdatascience.com/top-10-resources-to-become-a-data-scientist-in-2020-99a315194701","towardsdatascience.com","Jan 31, 2020 ... This skills-based specialization is intended for learners who have a basic python 
or programming background, and want to apply statistical, ...","Jan 31, 2020 <b>...</b> This <b>skills</b>-based specialization is intended for learners who have a basic python <br>
or programming background, and want to apply statistical,&nbsp;...","q2iMz_h8k-0J","https://towardsdatascience.com/top-10-resources-to-become-a-data-scientist- in-2020-99a315194701","https://towards<b>datascience</b>.com/top-10-resources-to-become-a-<b>data</b>-<b>scientist</b>- in-2020-99a315194701"
"9","customsearch#result","Becoming a Level 3.0 Data Scientist | by Jan Zawadzki | Towards ...","Becoming a Level 3.0 <b>Data Scientist</b> | by Jan Zawadzki | Towards ...","https://towardsdatascience.com/becoming-a-level-3-0-data-scientist-52641ff73cb3","towardsdatascience.com","Junior Data Scientists have good statistical skills · Senior Data Scientists excel at 
putting models into production · Principal Data Scientists know how to create ...","Junior <b>Data Scientists</b> have good statistical <b>skills</b> &middot; Senior <b>Data Scientists</b> excel at <br>
putting models into production &middot; Principal <b>Data Scientists</b> know how to create&nbsp;...","iOku_S6zJLcJ","https://towardsdatascience.com/becoming-a-level-3-0-data-scientist- 52641ff73cb3","https://towards<b>datascience</b>.com/becoming-a-level-3-0-<b>data</b>-<b>scientist</b>- 52641ff73cb3"
"10","customsearch#result","Essential SQL Skills for Data Scientists in 2021 | by Leihua Ye, Ph.D ...","Essential SQL <b>Skills</b> for <b>Data Scientists</b> in 2021 | by Leihua Ye, Ph.D ...","https://towardsdatascience.com/essential-sql-skills-for-data-scientists-in-2021-8eb14a38b97f","towardsdatascience.com","Structured Query Language, SQL, is a programming language that handles data 
query and data management in a relational database. For social media ...","Structured Query Language, SQL, is a programming language that handles <b>data</b> <br>
query and <b>data</b> management in a relational database. For social media&nbsp;...","-G60_pPnB3AJ","https://towardsdatascience.com/essential-sql-skills-for-data-scientists-in-2021- 8eb14a38b97f","https://towards<b>datascience</b>.com/essential-sql-<b>skills</b>-for-<b>data</b>-<b>scientists</b>-in-2021- 8eb14a38b97f"
"11","customsearch#result","7 Most Recommended Skills to Learn in 2021 to be a Data Scientist ...","7 Most Recommended <b>Skills</b> to Learn in 2021 to be a <b>Data Scientist</b> ...","https://towardsdatascience.com/7-most-recommended-data-science-skills-to-learn-in-2021-ac26933f0e8a","towardsdatascience.com","Jan 1, 2021 ... To kick off 2021, I wanted to share the seven most recommended data science 
skills from dozens of interactions and discussions with some of ...","Jan 1, 2021 <b>...</b> To kick off 2021, I wanted to share the seven most recommended <b>data science</b> <br>
<b>skills</b> from dozens of interactions and discussions with some of&nbsp;...","5WPQyeCnogwJ","https://towardsdatascience.com/7-most-recommended-data-science-skills-to- learn-in-2021-ac26933f0e8a","https://towards<b>datascience</b>.com/7-most-recommended-<b>data-science</b>-<b>skills</b>-to- learn-in-2021-ac26933f0e8a"
"12","customsearch#result","What are the In-Demand Skills for Data Scientists in 2020 | Towards ...","What are the In-Demand <b>Skills</b> for <b>Data Scientists</b> in 2020 | Towards ...","https://towardsdatascience.com/what-are-the-in-demand-skills-for-data-scientists-in-2020-a060b7f31b11","towardsdatascience.com","Top Skills In-Demand · Statistics knowledge sets solid foundations for data 
scientists. 59% of the job postings required it. · Research is also considered a 
vital skill ...","Top <b>Skills</b> In-Demand &middot; Statistics knowledge sets solid foundations for <b>data</b> <br>
<b>scientists</b>. 59% of the job postings required it. &middot; Research is also considered a <br>
vital <b>skill</b>&nbsp;...","FCnpmLrOvLkJ","https://towardsdatascience.com/what-are-the-in-demand-skills-for-data- scientists-in-2020-a060b7f31b11","https://towards<b>datascience</b>.com/what-are-the-in-demand-<b>skills</b>-for-<b>data</b>- <b>scientists</b>-in-2020-a060b7f31b11"
"13","customsearch#result","5 pro tips to grow your python skills as a data scientist or ML ...","5 pro tips to grow your python <b>skills</b> as a <b>data scientist</b> or ML ...","https://towardsdatascience.com/5-pro-tips-to-grow-your-python-skills-as-a-data-scientist-or-ml-engineer-1b899a91d6e","towardsdatascience.com","Oct 15, 2020 ... Python is the main language used for data science and machine learning, but it's 
not its only use, and some people may also be using R, ...","Oct 15, 2020 <b>...</b> Python is the main language used for <b>data science</b> and machine learning, but it&#39;s <br>
not its only use, and some people may also be using R,&nbsp;...","eQw-VXdP_-0J","https://towardsdatascience.com/5-pro-tips-to-grow-your-python-skills-as-a- data-scientist-or-ml-engineer-1b899a91d6e","https://towards<b>datascience</b>.com/5-pro-tips-to-grow-your-python-<b>skills</b>-as-a- <b>data</b>-<b>scientist</b>-or-ml-engineer-1b899a91d6e"
"14","customsearch#result","Top 13 Skills To Become a Rockstar Data Scientist | by Admond Lee ...","Top 13 <b>Skills</b> To Become a Rockstar <b>Data Scientist</b> | by Admond Lee ...","https://towardsdatascience.com/top-13-skills-to-become-a-rockstar-data-scientist-faf2f97e655d","towardsdatascience.com","1. Education · 2. R Programming · 3. Python Coding · 4. Hadoop Platform · 5. SQL 
Database/Coding · 6. Apache Spark · 7. Machine Learning and AI · 8. Data ...","1. Education &middot; 2. R Programming &middot; 3. Python Coding &middot; 4. Hadoop Platform &middot; 5. SQL <br>
Database/Coding &middot; 6. Apache Spark &middot; 7. Machine Learning and AI &middot; 8. <b>Data</b>&nbsp;...","5JEweukKK1EJ","https://towardsdatascience.com/top-13-skills-to-become-a-rockstar-data- scientist-faf2f97e655d","https://towards<b>datascience</b>.com/top-13-<b>skills</b>-to-become-a-rockstar-<b>data</b>- <b>scientist</b>-faf2f97e655d"
"15","customsearch#result","Data Scientist Skills: Definitions and Examples | Indeed.com","<b>Data Scientist Skills</b>: Definitions and Examples | Indeed.com","https://www.indeed.com/career-advice/resumes-cover-letters/data-scientist-skills","www.indeed.com","Feb 25, 2020 ... Examples of data scientist skills · Technical skills · Mathematical skills · 
Communication skills · Data visualization skills · Teamwork skills.","Feb 25, 2020 <b>...</b> Examples of <b>data scientist skills</b> &middot; Technical <b>skills</b> &middot; Mathematical <b>skills</b> &middot; <br>
Communication <b>skills</b> &middot; Data visualization <b>skills</b> &middot; Teamwork <b>skills</b>.","-HY5le21RIgJ","https://www.indeed.com/career-advice/resumes-cover.../data-scientist-skills","https://www.indeed.com/career-advice/resumes-cover.../<b>data</b>-<b>scientist</b>-<b>skills</b>"
"16","customsearch#result","Becoming a Level 3.0 Data Scientist - Towards Data Science","Becoming a Level 3.0 <b>Data Scientist</b> - Towards <b>Data Science</b>","https://towardsdatascience.com/becoming-a-level-3-0-data-scientist-52641ff73cb3","towardsdatascience.com","Junior Data Scientists have good statistical skills · Senior Data Scientists excel at 
putting models into production · Principal Data Scientists know how to create ...","Junior <b>Data Scientists</b> have good statistical <b>skills</b> &middot; Senior <b>Data Scientists</b> excel at <br>
putting models into production &middot; Principal <b>Data Scientists</b> know how to create&nbsp;...","iOku_S6zJLcJ","https://towardsdatascience.com/becoming-a-level-3-0-data-scientist- 52641ff73cb3","https://towards<b>datascience</b>.com/becoming-a-level-3-0-<b>data</b>-<b>scientist</b>- 52641ff73cb3"
"17","customsearch#result","Data Engineer VS Data Scientist. Big Data has changed the face of ...","Data Engineer VS <b>Data Scientist</b>. Big Data has changed the face of ...","https://towardsdatascience.com/data-engineer-vs-data-scientist-bc8dab5ac124","towardsdatascience.com","Want to read more Data Science and Engineering article? Follow ... Also, Data 
Scientists must have very good communication skills to present Data and 
propose ...","Want to read more <b>Data Science</b> and Engineering article? Follow ... Also, <b>Data</b> <br>
<b>Scientists</b> must have very good communication <b>skills</b> to present Data and <br>
propose&nbsp;...","nctK1qKwbNcJ","https://towardsdatascience.com/data-engineer-vs-data-scientist-bc8dab5ac124","https://towards<b>datascience</b>.com/<b>data</b>-engineer-vs-<b>data</b>-<b>scientist</b>-bc8dab5ac124"
"18","customsearch#result","Top 12 Data Science Skills to Learn in 2020 | by Claire D. Costa ...","Top 12 <b>Data Science Skills</b> to Learn in 2020 | by Claire D. Costa ...","https://towardsdatascience.com/top-12-data-science-skills-to-learn-in-2020-5f635d7d98bf","towardsdatascience.com","Sep 23, 2020 ... You could say that apart from being able to code, a data scientist must also have 
a strong knowledge of SQL to derive the necessary meaningful ...","Sep 23, 2020 <b>...</b> You could say that apart from being able to code, a <b>data scientist</b> must also have <br>
a strong knowledge of SQL to derive the necessary meaningful&nbsp;...","W-al5mPy8igJ","https://towardsdatascience.com/top-12-data-science-skills-to-learn-in-2020- 5f635d7d98bf","https://towards<b>datascience</b>.com/top-12-<b>data-science</b>-<b>skills</b>-to-learn-in-2020- 5f635d7d98bf"
"19","customsearch#result","Become a Data Scientist in 2020 with these 10 resources | by Rahul ...","Become a <b>Data Scientist</b> in 2020 with these 10 resources | by Rahul ...","https://towardsdatascience.com/top-10-resources-to-become-a-data-scientist-in-2020-99a315194701","towardsdatascience.com","Jan 31, 2020 ... Now in 2020, with the Data Science field changing so rapidly, there is no ... This 
skills-based specialization is intended for learners who have a basic ... The 5 
Feature Selection Algorithms every Data Scientist should know ...","Jan 31, 2020 <b>...</b> Now in 2020, with the <b>Data Science</b> field changing so rapidly, there is no ... This <br>
<b>skills</b>-based specialization is intended for learners who have a basic ... The 5 <br>
Feature Selection Algorithms every <b>Data Scientist</b> should know&nbsp;...","q2iMz_h8k-0J","https://towardsdatascience.com/top-10-resources-to-become-a-data-scientist- in-2020-99a315194701","https://towards<b>datascience</b>.com/top-10-resources-to-become-a-<b>data</b>-<b>scientist</b>- in-2020-99a315194701"
"20","customsearch#result","5 Common Skills Data Scientists Should Know | Towards Data ...","5 Common <b>Skills Data Scientists</b> Should Know | Towards <b>Data</b> ...","https://towardsdatascience.com/5-common-skills-data-scientists-should-know-3247b2b12318","towardsdatascience.com","As a Data Scientist, you can expect to use some of these skills most likely in your 
career. I will be outlining SQL, Python/R, Jupyter Notebook, visualizations, and ...","As a <b>Data Scientist</b>, you can expect to use some of these <b>skills</b> most likely in your <br>
career. I will be outlining SQL, Python/R, Jupyter Notebook, visualizations, and&nbsp;...","te7GAeveZrEJ","https://towardsdatascience.com/5-common-skills-data-scientists-should-know- 3247b2b12318","https://towards<b>datascience</b>.com/5-common-<b>skills</b>-<b>data</b>-<b>scientists</b>-should-know- 3247b2b12318"
"21","customsearch#result","Why you're not a job-ready data scientist (yet) - Towards Data Science","Why you&#39;re not a job-ready <b>data scientist</b> (yet) - Towards <b>Data Science</b>","https://towardsdatascience.com/why-youre-not-a-job-ready-data-scientist-yet-1a0d73f15012","towardsdatascience.com","And those reasons — the technical and nontechnical skills that most applicants 
don't have but that companies most badly want — are what this post is all about.","And those reasons — the technical and nontechnical <b>skills</b> that most applicants <br>
don&#39;t have but that companies most badly want — are what this post is all about.","cUOKMJ-WZi8J","https://towardsdatascience.com/why-youre-not-a-job-ready-data-scientist-yet- 1a0d73f15012","https://towards<b>datascience</b>.com/why-youre-not-a-job-ready-<b>data</b>-<b>scientist</b>-yet- 1a0d73f15012"
"22","customsearch#result","Data Scientist Knowledge and Skills - Towards Data Science","<b>Data Scientist</b> Knowledge and <b>Skills</b> - Towards <b>Data Science</b>","https://towardsdatascience.com/data-scientist-knowledge-and-skills-a437b00ebda5","towardsdatascience.com","Data scientists need advanced programming skills for the manipulation of data, 
the calculation of complex metrics, and for advanced machine learning. These ...","<b>Data scientists</b> need advanced programming <b>skills</b> for the manipulation of data, <br>
the calculation of complex metrics, and for advanced machine learning. These&nbsp;...","_hKgnoE76SwJ","https://towardsdatascience.com/data-scientist-knowledge-and-skills- a437b00ebda5","https://towards<b>datascience</b>.com/<b>data</b>-<b>scientist</b>-knowledge-and-<b>skills</b>- a437b00ebda5"
"23","customsearch#result","What Makes a Senior Data Scientist? - Towards Data Science","What Makes a Senior <b>Data Scientist</b>? - Towards <b>Data Science</b>","https://towardsdatascience.com/what-makes-you-a-senior-data-scientist-79cdcabea38f","towardsdatascience.com","Jan 15, 2021 ... Like PayScale, Cleverism also notes essential skills: Machine Learning, Python / 
R, and Data Mining. A critical skill that Cleverism points out that ...","Jan 15, 2021 <b>...</b> Like PayScale, Cleverism also notes essential <b>skills</b>: Machine Learning, Python / <br>
R, and <b>Data</b> Mining. A critical <b>skill</b> that Cleverism points out that&nbsp;...","95bAy8Ibg6kJ","https://towardsdatascience.com/what-makes-you-a-senior-data-scientist- 79cdcabea38f","https://towards<b>datascience</b>.com/what-makes-you-a-senior-<b>data</b>-<b>scientist</b>- 79cdcabea38f"
"24","customsearch#result","The Third Wave Data Scientist. An update of the data science skill ...","The Third Wave <b>Data Scientist</b>. An update of the <b>data science skill</b> ...","https://towardsdatascience.com/the-third-wave-data-scientist-1421df7433c9","towardsdatascience.com","Drew Conway's visualization of the data science skill set is an often cited classic. 
Different opinions and the versatility of the role have spawned numerous ...","Drew Conway&#39;s visualization of the <b>data science skill</b> set is an often cited classic. <br>
Different opinions and the versatility of the role have spawned numerous&nbsp;...","cjQ0_CTiSMsJ","https://towardsdatascience.com/the-third-wave-data-scientist-1421df7433c9","https://towards<b>datascience</b>.com/the-third-wave-<b>data</b>-<b>scientist</b>-1421df7433c9"
"25","customsearch#result","Academia To Data Science: Transferable Skills | by Feras Altwal ...","Academia To <b>Data Science</b>: Transferable <b>Skills</b> | by Feras Altwal ...","https://towardsdatascience.com/academia-to-data-science-transferable-skills-306cf052e320","towardsdatascience.com","Nov 16, 2020 ... The good news is, you already have most of the skills you need to become a data 
scientist. These include data handling, statistical analysis, ...","Nov 16, 2020 <b>...</b> The good news is, you already have most of the <b>skills</b> you need to become a <b>data</b> <br>
<b>scientist</b>. These include data handling, statistical analysis,&nbsp;...","0IqV7kIAS30J","https://towardsdatascience.com/academia-to-data-science-transferable-skills- 306cf052e320","https://towards<b>datascience</b>.com/academia-to-<b>data-science</b>-transferable-<b>skills</b>- 306cf052e320"
"26","customsearch#result","The Importance of Soft Skills in Data Science — book ...","The Importance of Soft <b>Skills</b> in <b>Data Science</b> — book ...","https://towardsdatascience.com/the-importance-of-soft-skills-in-data-science-book-recommendations-3cbce1b11c67","towardsdatascience.com","In the classic Data Science Venn diagram, a data scientist exists at the 
convergence of skills in mathematics & statistics, hacking and domain expertise¹.","In the classic <b>Data Science</b> Venn diagram, a <b>data scientist</b> exists at the <br>
convergence of <b>skills</b> in mathematics &amp; statistics, hacking and domain expertise¹.","8QPtiJrjFh8J","https://towardsdatascience.com/the-importance-of-soft-skills-in-data-science- book-recommendations-3cbce1b11c67","https://towards<b>datascience</b>.com/the-importance-of-soft-<b>skills</b>-in-<b>data-science</b>- book-recommendations-3cbce1b11c67"
"27","customsearch#result","What to Learn to Become a Data Scientist in 2021 | by Rebecca ...","What to Learn to Become a <b>Data Scientist</b> in 2021 | by Rebecca ...","https://towardsdatascience.com/what-to-learn-to-become-a-data-scientist-in-2021-95970d4b3b17","towardsdatascience.com","Nov 15, 2020 ... In 2021 this is still one of the most vital skills to have as a data scientist. Data is at 
the very heart of any data science project and Pandas is the ...","Nov 15, 2020 <b>...</b> In 2021 this is still one of the most vital <b>skills</b> to have as a <b>data scientist</b>. Data is at <br>
the very heart of any <b>data science</b> project and Pandas is the&nbsp;...","YdCp4Gay91wJ","https://towardsdatascience.com/what-to-learn-to-become-a-data-scientist-in- 2021-95970d4b3b17","https://towards<b>datascience</b>.com/what-to-learn-to-become-a-<b>data</b>-<b>scientist</b>-in- 2021-95970d4b3b17"
"28","customsearch#result","A framework for evaluating data scientist competency | by Schaun ...","A framework for evaluating <b>data scientist</b> competency | by Schaun ...","https://towardsdatascience.com/a-framework-for-evaluating-data-scientist-competency-89b5f275a6bf","towardsdatascience.com","Most discussions of data science skills I've seen don't explicitly acknowledge this. 
We all have gaps in our skill sets, but as long as the team doesn't have any gaps
 ...","Most discussions of <b>data science skills</b> I&#39;ve seen don&#39;t explicitly acknowledge this. <br>
We all have gaps in our <b>skill</b> sets, but as long as the team doesn&#39;t have any gaps<br>
&nbsp;...","iG3qEW0_-_8J","https://towardsdatascience.com/a-framework-for-evaluating-data-scientist- competency-89b5f275a6bf","https://towards<b>datascience</b>.com/a-framework-for-evaluating-<b>data</b>-<b>scientist</b>- competency-89b5f275a6bf"
"29","customsearch#result","Skills required to become a Data Scientist - Towards Data Science","<b>Skills</b> required to become a <b>Data Scientist</b> - Towards <b>Data Science</b>","https://towardsdatascience.com/ninja-skills-of-modern-data-scientist-621622e59614","towardsdatascience.com","Skills required to become data scientist like Computer and Programming skills, 
Mathematics, Business and Communication skills in detail.","<b>Skills</b> required to become <b>data scientist</b> like Computer and Programming <b>skills</b>, <br>
Mathematics, Business and Communication <b>skills</b> in detail.","ewqyqyDS8-cJ","https://towardsdatascience.com/ninja-skills-of-modern-data-scientist- 621622e59614","https://towards<b>datascience</b>.com/ninja-<b>skills</b>-of-modern-<b>data</b>-<b>scientist</b>- 621622e59614"
"30","customsearch#result","The road to Seniority in Data Science | by Fernando Tadao Ito ...","The road to Seniority in <b>Data Science</b> | by Fernando Tadao Ito ...","https://towardsdatascience.com/the-road-to-seniority-in-data-science-9a156c6d4f6b","towardsdatascience.com","Nov 24, 2019 ... What are the main skills a Senior Data Scientist must have? We list three articles 
describing this job and expand on them.","Nov 24, 2019 <b>...</b> What are the main <b>skills</b> a Senior <b>Data Scientist</b> must have? We list three articles <br>
describing this job and expand on them.","Aj3Yx9kCAlMJ","https://towardsdatascience.com/the-road-to-seniority-in-data-science- 9a156c6d4f6b","https://towards<b>datascience</b>.com/the-road-to-seniority-in-<b>data-science</b>- 9a156c6d4f6b"
"31","customsearch#result","3 Essential Python Skills for Data Scientists - Towards Data Science","3 Essential Python <b>Skills</b> for <b>Data Scientists</b> - Towards <b>Data Science</b>","https://towardsdatascience.com/3-essential-python-skills-for-data-scientists-b642a1397ae3","towardsdatascience.com","Sep 30, 2019 ... 3 Essential Python Skills for Data Scientists ... of pretty cool pure Python 
functionalities that I use the most often in my daily Data science job.","Sep 30, 2019 <b>...</b> 3 Essential Python <b>Skills</b> for <b>Data Scientists</b> ... of pretty cool pure Python <br>
functionalities that I use the most often in my daily <b>Data science</b> job.","py9IU1s4WC0J","https://towardsdatascience.com/3-essential-python-skills-for-data-scientists- b642a1397ae3","https://towards<b>datascience</b>.com/3-essential-python-<b>skills</b>-for-<b>data</b>-<b>scientists</b>- b642a1397ae3"
"32","customsearch#result","Which Data-Science Skills Are the Most Vital in 2021? | by Emmett ...","Which <b>Data-Science Skills</b> Are the Most Vital in 2021? | by Emmett ...","https://towardsdatascience.com/which-data-science-skills-are-the-most-vital-in-2021-88ae9e76b560","towardsdatascience.com","Jan 18, 2021 ... A key portion of being a data scientist is researching and becoming familiar with 
modern technologies that are at your disposal at any given ...","Jan 18, 2021 <b>...</b> A key portion of being a <b>data scientist</b> is researching and becoming familiar with <br>
modern technologies that are at your disposal at any given&nbsp;...","hEiwglNtlc4J","https://towardsdatascience.com/which-data-science-skills-are-the-most-vital-in -2021-88ae9e76b560","https://towards<b>datascience</b>.com/which-<b>data-science</b>-<b>skills</b>-are-the-most-vital-in -2021-88ae9e76b560"
"33","customsearch#result","Top 8 Skills for Every Data Scientist - Towards Data Science","Top 8 <b>Skills</b> for Every <b>Data Scientist</b> - Towards <b>Data Science</b>","https://towardsdatascience.com/top-8-skills-for-every-data-scientist-79e6b1faf3e1","towardsdatascience.com","Nov 3, 2020 ... 1. Developing a Business Problem · 2. Working with Big and Small Data 
Ingestion and Processing · 3. Understanding Data Cleaning and ...","Nov 3, 2020 <b>...</b> 1. Developing a Business Problem &middot; 2. Working with Big and Small <b>Data</b> <br>
Ingestion and Processing &middot; 3. Understanding <b>Data</b> Cleaning and&nbsp;...","3PmBan1oOe4J","https://towardsdatascience.com/top-8-skills-for-every-data-scientist- 79e6b1faf3e1","https://towards<b>datascience</b>.com/top-8-<b>skills</b>-for-every-<b>data</b>-<b>scientist</b>- 79e6b1faf3e1"
"34","customsearch#result","4 Must Have Skills Every Data Scientist Should Learn | by ...","4 Must Have <b>Skills</b> Every <b>Data Scientist</b> Should Learn | by ...","https://towardsdatascience.com/4-must-have-skills-every-data-scientist-should-learn-8ab3f23bc325","towardsdatascience.com","Data science is complex field that requires an understanding of data, statistics, 
programming, and subject matters. In order to grow, data scientists need to be 
able ...","<b>Data science</b> is complex field that requires an understanding of data, statistics, <br>
programming, and subject matters. In order to grow, <b>data scientists</b> need to be <br>
able&nbsp;...","bmaZaRDLmZYJ","https://towardsdatascience.com/4-must-have-skills-every-data-scientist-should -learn-8ab3f23bc325","https://towards<b>datascience</b>.com/4-must-have-<b>skills</b>-every-<b>data</b>-<b>scientist</b>-should -learn-8ab3f23bc325"
"35","customsearch#result","Understanding Statistics And Probability: Becoming An Expert Data ...","Understanding Statistics And Probability: Becoming An Expert <b>Data</b> ...","https://towardsdatascience.com/understanding-statistics-and-probability-becoming-an-expert-data-scientist-b178e4175642","towardsdatascience.com","This article will provide an understanding of what data science is and how it 
works. I will also outline the skills that we need to become a successful data 
scientist ...","This article will provide an understanding of what <b>data science</b> is and how it <br>
works. I will also outline the <b>skills</b> that we need to become a successful <b>data</b> <br>
<b>scientist</b>&nbsp;...","weCkH8PTE9wJ","https://towardsdatascience.com/understanding-statistics-and-probability- becoming-an-expert-data-scientist-b178e4175642","https://towards<b>datascience</b>.com/understanding-statistics-and-probability- becoming-an-expert-<b>data</b>-<b>scientist</b>-b178e4175642"
"36","customsearch#result","Are your coding skills good enough for a Data Science job? | by ...","Are your coding <b>skills</b> good enough for a <b>Data Science</b> job? | by ...","https://towardsdatascience.com/are-your-coding-skills-good-enough-for-a-data-science-job-49af101457aa","towardsdatascience.com","Jan 15, 2020 ... How does a Data Analyst, a Business Analyst or a Data Scientist work in any 
Organization? Any data Science problem is broken down into two ...","Jan 15, 2020 <b>...</b> How does a <b>Data Analyst</b>, a Business Analyst or a <b>Data Scientist</b> work in any <br>
Organization? Any <b>data Science</b> problem is broken down into two&nbsp;...","vbqwqhgZlhUJ","https://towardsdatascience.com/are-your-coding-skills-good-enough-for-a- data-science-job-49af101457aa","https://towards<b>datascience</b>.com/are-your-coding-<b>skills</b>-good-enough-for-a- <b>data-science</b>-job-49af101457aa"
"37","customsearch#result","Top 5 software engineering skills that data scientists need to master ...","Top 5 software engineering <b>skills</b> that <b>data scientists</b> need to master ...","https://towardsdatascience.com/top-5-software-engineering-skills-that-data-scientists-need-to-master-cb85d7e83833","towardsdatascience.com","Oct 17, 2020 ... Technical skills necessary to grow as a data scientist ... Computer programming 
is probably the most critical part of a data science job.","Oct 17, 2020 <b>...</b> Technical <b>skills</b> necessary to grow as a <b>data scientist</b> ... Computer programming <br>
is probably the most critical part of a <b>data science</b> job.","hZYWyHlQxY8J","https://towardsdatascience.com/top-5-software-engineering-skills-that-data- scientists-need-to-master-cb85d7e83833","https://towards<b>datascience</b>.com/top-5-software-engineering-<b>skills</b>-that-<b>data</b>- <b>scientists</b>-need-to-master-cb85d7e83833"
"38","customsearch#result","Data Scientist vs Data Analyst. Here's the Difference. | by Matt ...","<b>Data Scientist</b> vs <b>Data Analyst</b>. Here&#39;s the Difference. | by Matt ...","https://towardsdatascience.com/data-science-vs-data-analysis-heres-the-difference-4d3da0a90f4","towardsdatascience.com","Jun 3, 2020 ... Differences and similarities between data science and data analysis or data ... 
Here are the top skills that are required to be a data scientist:.","Jun 3, 2020 <b>...</b> Differences and similarities between <b>data science</b> and data analysis or data ... <br>
Here are the top <b>skills</b> that are required to be a <b>data scientist</b>:.","H2xgI0PEemEJ","https://towardsdatascience.com/data-science-vs-data-analysis-heres-the- difference-4d3da0a90f4","https://towards<b>datascience</b>.com/<b>data-science</b>-vs-<b>data</b>-analysis-heres-the- difference-4d3da0a90f4"
"39","customsearch#result","What are the Skills Needed to Become a Data Scientist in 2018? | by ...","What are the <b>Skills</b> Needed to Become a <b>Data Scientist</b> in 2018? | by ...","https://towardsdatascience.com/what-are-the-skills-needed-to-become-a-data-scientist-in-2018-d037012f1db2","towardsdatascience.com","Here are the most common skills data scientists posted on their profiles. R and 
Python are the programming languages that dominate the data science field.","Here are the most common <b>skills data scientists</b> posted on their profiles. R and <br>
Python are the programming languages that dominate the <b>data science</b> field.","yT2VesOPtAMJ","https://towardsdatascience.com/what-are-the-skills-needed-to-become-a-data- scientist-in-2018-d037012f1db2","https://towards<b>datascience</b>.com/what-are-the-<b>skills</b>-needed-to-become-a-<b>data</b>- <b>scientist</b>-in-2018-d037012f1db2"
"40","customsearch#result","I wasn't getting hired as a Data Scientist. So I sought data on who is ...","I wasn&#39;t getting hired as a <b>Data Scientist</b>. So I sought data on who is ...","https://towardsdatascience.com/i-wasnt-getting-hired-as-a-data-scientist-so-i-sought-data-on-who-is-c59afd7d56f5","towardsdatascience.com","At the time I'm writing this, every single trending article in my Towards Data 
Science home page is talking about applying or learning a particular skill in data
 ...","At the time I&#39;m writing this, every single trending article in my Towards <b>Data</b> <br>
<b>Science</b> home page is talking about applying or learning a particular <b>skill</b> in <b>data</b><br>
&nbsp;...","mOGlOD9WJhMJ","https://towardsdatascience.com/i-wasnt-getting-hired-as-a-data-scientist-so-i- sought-data-on-who-is-c59afd7d56f5","https://towards<b>datascience</b>.com/i-wasnt-getting-hired-as-a-<b>data</b>-<b>scientist</b>-so-i- sought-<b>data</b>-on-who-is-c59afd7d56f5"
"41","customsearch#result","6 Data Science Skills to Take Your Career to the Next Level | by ...","6 <b>Data Science Skills</b> to Take Your Career to the Next Level | by ...","https://towardsdatascience.com/6-data-science-skills-to-take-your-career-to-the-next-level-c100610b4014","towardsdatascience.com","Aug 10, 2019 ... The Most Important Skills for Data Scientists · Modelling and Statistics: including 
machine learning, statistical modelling and model deployment; ...","Aug 10, 2019 <b>...</b> The Most Important <b>Skills</b> for <b>Data Scientists</b> &middot; Modelling and Statistics: including <br>
machine learning, statistical modelling and model deployment;&nbsp;...","pyCJzVrfRgkJ","https://towardsdatascience.com/6-data-science-skills-to-take-your-career-to- the-next-level-c100610b4014","https://towards<b>datascience</b>.com/6-<b>data-science</b>-<b>skills</b>-to-take-your-career-to- the-next-level-c100610b4014"
"42","customsearch#result","Why you should be a Generalist first, Specialist later as a Data ...","Why you should be a Generalist first, Specialist later as a <b>Data</b> ...","https://towardsdatascience.com/why-you-should-be-a-generalist-first-specialist-later-as-a-data-scientist-f26d687f8c6","towardsdatascience.com","I had no idea if I wanted to become a data science generalist or a specialist. ... It 
takes years to acquire all the skills in different areas, yet it's not necessary to ... As 
a data scientist, we don't build a machine learning model just for the sake of ...","I had no idea if I wanted to become a <b>data science</b> generalist or a specialist. ... It <br>
takes years to acquire all the <b>skills</b> in different areas, yet it&#39;s not necessary to ... As <br>
a <b>data scientist</b>, we don&#39;t build a machine learning model just for the sake of&nbsp;...","vB6gGC_zYT0J","https://towardsdatascience.com/why-you-should-be-a-generalist-first- specialist-later-as-a-data-scientist-f26d687f8c6","https://towards<b>datascience</b>.com/why-you-should-be-a-generalist-first- specialist-later-as-a-<b>data</b>-<b>scientist</b>-f26d687f8c6"
"43","customsearch#result","An Often Overlooked Data Science Skill | by Tyler Folkman ...","An Often Overlooked <b>Data Science Skill</b> | by Tyler Folkman ...","https://towardsdatascience.com/an-often-overlooked-data-science-skill-ea4254e19c6b","towardsdatascience.com","Sep 28, 2019 ... A walk through of the essential tools data scientists need to know to work on 
remote computers.","Sep 28, 2019 <b>...</b> A walk through of the essential tools <b>data scientists</b> need to know to work on <br>
remote computers.","nScDxegF21IJ","https://towardsdatascience.com/an-often-overlooked-data-science-skill- ea4254e19c6b","https://towards<b>datascience</b>.com/an-often-overlooked-<b>data-science</b>-<b>skill</b>- ea4254e19c6b"
"44","customsearch#result","How to Get Hired as an Entry Level Data Scientist When You Don't ...","How to Get Hired as an Entry Level <b>Data Scientist</b> When You Don&#39;t ...","https://towardsdatascience.com/how-to-get-hired-as-an-entry-level-data-scientist-when-you-dont-already-have-3-years-experience-476394f2cc2c","towardsdatascience.com","The core data science skills are python (including numpy, pandas, and sklearn) 
and SQL. I would recommend watching so many tutorials until you're absolutely ...","The core <b>data science skills</b> are python (including numpy, pandas, and sklearn) <br>
and SQL. I would recommend watching so many tutorials until you&#39;re absolutely&nbsp;...","vNlHIj9tVuwJ","https://towardsdatascience.com/how-to-get-hired-as-an-entry-level-data- scientist-when-you-dont-already-have-3-years-experience-476394f2cc2c","https://towards<b>datascience</b>.com/how-to-get-hired-as-an-entry-level-<b>data</b>- <b>scientist</b>-when-you-dont-already-have-3-years-experience-476394f2cc2c"
"45","customsearch#result","7 Free Programming Books every Data Scientist should read in ...","7 Free Programming Books every <b>Data Scientist</b> should read in ...","https://towardsdatascience.com/7-free-programming-books-every-data-scientist-should-read-in-2020-608c00d7cf3c","towardsdatascience.com","Oct 5, 2020 ... ... on this topic. Real-world Data Science is not… ... being Git. I already wrote 
about this topic in my 5 skills Data Scientists should learn article.","Oct 5, 2020 <b>...</b> ... on this topic. Real-world <b>Data Science</b> is not… ... being Git. I already wrote <br>
about this topic in my 5 <b>skills Data Scientists</b> should learn article.","hk5w24O2ztEJ","https://towardsdatascience.com/7-free-programming-books-every-data- scientist-should-read-in-2020-608c00d7cf3c","https://towards<b>datascience</b>.com/7-free-programming-books-every-<b>data</b>- <b>scientist</b>-should-read-in-2020-608c00d7cf3c"
"46","customsearch#result","How to be More Productive as a Data Scientist | by Owen Flanagan ...","How to be More Productive as a <b>Data Scientist</b> | by Owen Flanagan ...","https://towardsdatascience.com/im-how-to-be-more-productive-as-a-data-scientist-d6f75163527f","towardsdatascience.com","Jan 26, 2020 ... Data science isn't just ML and advanced analytics, data science is the ... 
Fortunately for data scientists in 2020, there is a huge skills shortage ...","Jan 26, 2020 <b>...</b> <b>Data science</b> isn&#39;t just ML and advanced analytics, <b>data science</b> is the ... <br>
Fortunately for <b>data scientists</b> in 2020, there is a huge <b>skills</b> shortage&nbsp;...","SScJ_Z9yjV4J","https://towardsdatascience.com/im-how-to-be-more-productive-as-a-data- scientist-d6f75163527f","https://towards<b>datascience</b>.com/im-how-to-be-more-productive-as-a-<b>data</b>- <b>scientist</b>-d6f75163527f"
"47","customsearch#result","What's the secret sauce to transforming into a Unicorn in Data ...","What&#39;s the secret sauce to transforming into a Unicorn in <b>Data</b> ...","https://towardsdatascience.com/whats-the-secret-sauce-to-transforming-into-a-unicorn-in-data-science-94082b01c39d","towardsdatascience.com","Jun 7, 2018 ... Every aspirant in data science has the question “What skills do I need ... Data 
scientist is a loosely used term, a title that's heavily abused in the ...","Jun 7, 2018 <b>...</b> Every aspirant in <b>data science</b> has the question “What <b>skills</b> do I need ... <b>Data</b> <br>
<b>scientist</b> is a loosely used term, a title that&#39;s heavily abused in the&nbsp;...","tTpo1K6x4wQJ","https://towardsdatascience.com/whats-the-secret-sauce-to-transforming-into-a- unicorn-in-data-science-94082b01c39d","https://towards<b>datascience</b>.com/whats-the-secret-sauce-to-transforming-into-a- unicorn-in-<b>data-science</b>-94082b01c39d"
"48","customsearch#result","Data Scientce T-Shaped Skill Builder | Towards Data Science","<b>Data</b> Scientce T-Shaped <b>Skill</b> Builder | Towards <b>Data Science</b>","https://towardsdatascience.com/t-shaped-skills-builder-guide-in-2020-for-end-to-end-data-scientist-33d2652511b0","towardsdatascience.com","T-Shaped Skills Builder Guide in 2020 for end-to-end Data Scientist. The industry 
demands more people with the ability to summarise, analyse and decide based ...","T-Shaped <b>Skills</b> Builder Guide in 2020 for end-to-end <b>Data Scientist</b>. The industry <br>
demands more people with the ability to summarise, analyse and decide based&nbsp;...","1Gke5S15-A0J","https://towardsdatascience.com/t-shaped-skills-builder-guide-in-2020-for-end -to-end-data-scientist-33d2652511b0","https://towards<b>datascience</b>.com/t-shaped-<b>skills</b>-builder-guide-in-2020-for-end -to-end-<b>data</b>-<b>scientist</b>-33d2652511b0"
"49","customsearch#result","How To Go Into Data Science?. Ultimate Q&A for Aspiring Data ...","How To Go Into <b>Data Science</b>?. Ultimate Q&amp;A for Aspiring <b>Data</b> ...","https://towardsdatascience.com/how-to-go-into-data-science-c1f6ef258438","towardsdatascience.com","There'll always be some skills (technical/non-technical) that data scientists don't 
know or haven't learned as different businesses require different skill sets.","There&#39;ll always be some <b>skills</b> (technical/non-technical) that <b>data scientists</b> don&#39;t <br>
know or haven&#39;t learned as different businesses require different <b>skill</b> sets.","ScR6K4JI0KAJ","https://towardsdatascience.com/how-to-go-into-data-science-c1f6ef258438","https://towards<b>datascience</b>.com/how-to-go-into-<b>data-science</b>-c1f6ef258438"
"50","customsearch#result","Core Data Science Skills to Learn in 2020 | by Sitwat Maroof ...","Core <b>Data Science Skills</b> to Learn in 2020 | by Sitwat Maroof ...","https://towardsdatascience.com/core-data-science-skills-to-learn-in-2020-f70ec6a6b59b","towardsdatascience.com","No, it is certainly not enough. Data science demands exceptional skills, 
persistence, and clarity to master the methodology which data scientists employ 
to draw ...","No, it is certainly not enough. <b>Data science</b> demands exceptional <b>skills</b>, <br>
persistence, and clarity to master the methodology which <b>data scientists</b> employ <br>
to draw&nbsp;...","TFOwqq1O500J","https://towardsdatascience.com/core-data-science-skills-to-learn-in-2020- f70ec6a6b59b","https://towards<b>datascience</b>.com/core-<b>data-science</b>-<b>skills</b>-to-learn-in-2020- f70ec6a6b59b"
"51","customsearch#result","How many tech skills are enough for a data scientist? | by Esther Liu ...","How many tech <b>skills</b> are enough for a <b>data scientist</b>? | by Esther Liu ...","https://towardsdatascience.com/most-essential-set-of-skills-for-the-type-of-data-scientist-job-youre-looking-for-44d5f6d23ca3","towardsdatascience.com","As the job market for data scientists expands these days, many data scientist job 
listings are really looking for different sets of tech skills. For all data ...","As the job market for <b>data scientists</b> expands these days, many <b>data scientist</b> job <br>
listings are really looking for different sets of tech <b>skills</b>. For all <b>data</b>&nbsp;...","E7oow7SHk-0J","https://towardsdatascience.com/most-essential-set-of-skills-for-the-type-of- data-scientist-job-youre-looking-for-44d5f6d23ca3","https://towards<b>datascience</b>.com/most-essential-set-of-<b>skills</b>-for-the-type-of- <b>data</b>-<b>scientist</b>-job-youre-looking-for-44d5f6d23ca3"
"52","customsearch#result","4 Critical Skills for Data Scientists in 2021 - Towards Data Science","4 Critical <b>Skills</b> for <b>Data Scientists</b> in 2021 - Towards <b>Data Science</b>","https://towardsdatascience.com/4-critical-skills-for-data-scientists-in-2021-cb28ae2bcd1","towardsdatascience.com","Jan 6, 2021 ... Yes, you need technical skills like Pandas and Python, but these are the real 
critical skills you need to get hired as a data scientist in 2021.","Jan 6, 2021 <b>...</b> Yes, you need technical <b>skills</b> like Pandas and Python, but these are the real <br>
critical <b>skills</b> you need to get hired as a <b>data scientist</b> in 2021.","3_0lPFaoLPgJ","https://towardsdatascience.com/4-critical-skills-for-data-scientists-in-2021- cb28ae2bcd1","https://towards<b>datascience</b>.com/4-critical-<b>skills</b>-for-<b>data</b>-<b>scientists</b>-in-2021- cb28ae2bcd1"
"53","customsearch#result","How to Build a Data Science Portfolio | by Michael Galarnyk ...","How to Build a <b>Data Science</b> Portfolio | by Michael Galarnyk ...","https://towardsdatascience.com/how-to-build-a-data-science-portfolio-5f566517c79c","towardsdatascience.com","Jul 8, 2018 ... ... this article, let's define a portfolio as public evidence of your data science skills. 
I got this definition from David Robinson Chief Data Scientist ...","Jul 8, 2018 <b>...</b> ... this article, let&#39;s define a portfolio as public evidence of your <b>data science skills</b>. <br>
I got this definition from David Robinson Chief <b>Data Scientist</b>&nbsp;...","Xi66LnRT1lIJ","https://towardsdatascience.com/how-to-build-a-data-science-portfolio- 5f566517c79c","https://towards<b>datascience</b>.com/how-to-build-a-<b>data-science</b>-portfolio- 5f566517c79c"
"54","customsearch#result","Mastering the Most Important Skill in Data Science: Critical Thinking ...","Mastering the Most Important <b>Skill</b> in <b>Data Science</b>: Critical Thinking ...","https://towardsdatascience.com/mastering-the-most-important-skill-in-data-science-critical-thinking-27316aa80f0b","towardsdatascience.com","Oct 30, 2020 ... Mastering the Most Important Skill in Data Science: Critical Thinking · Telling 
stories · Exploring relationships · Backing up decisions · Finding ...","Oct 30, 2020 <b>...</b> Mastering the Most Important <b>Skill</b> in <b>Data Science</b>: Critical Thinking &middot; Telling <br>
stories &middot; Exploring relationships &middot; Backing up decisions &middot; Finding&nbsp;...","mTduJmH-qtAJ","https://towardsdatascience.com/mastering-the-most-important-skill-in-data- science-critical-thinking-27316aa80f0b","https://towards<b>datascience</b>.com/mastering-the-most-important-<b>skill</b>-in-<b>data- science</b>-critical-thinking-27316aa80f0b"
"55","customsearch#result","How I Levelled Up My Data Science Skills In 8 Months | by Kurtis ...","How I Levelled Up My <b>Data Science Skills</b> In 8 Months | by Kurtis ...","https://towardsdatascience.com/how-i-levelled-up-my-data-science-skills-in-8-months-fae7897965ec","towardsdatascience.com","For me, the furlough couldn't come sooner. The first transformative decision I 
made was to commit to becoming a future-proof indespensible Data Scientist. 
When ...","For me, the furlough couldn&#39;t come sooner. The first transformative decision I <br>
made was to commit to becoming a future-proof indespensible <b>Data Scientist</b>. <br>
When&nbsp;...","x0By1IEL3LUJ","https://towardsdatascience.com/how-i-levelled-up-my-data-science-skills-in-8 -months-fae7897965ec","https://towards<b>datascience</b>.com/how-i-levelled-up-my-<b>data-science</b>-<b>skills</b>-in-8 -months-fae7897965ec"
"56","customsearch#result","Blurred Lines: Data Analyst vs Data Science | by Ryan Thorpe ...","Blurred Lines: <b>Data Analyst</b> vs <b>Data Science</b> | by Ryan Thorpe ...","https://towardsdatascience.com/blurred-lines-data-analytics-vs-data-science-12ff92a3bd4e","towardsdatascience.com","Feb 6, 2018 ... As you can see, a Data Science requires a strong skill-set in all three categories. 
However, both roles require the same skills. The biggest ...","Feb 6, 2018 <b>...</b> As you can see, a <b>Data Science</b> requires a strong <b>skill</b>-set in all three categories. <br>
However, both roles require the same <b>skills</b>. The biggest&nbsp;...","LEMEYn2vXWEJ","https://towardsdatascience.com/blurred-lines-data-analytics-vs-data-science- 12ff92a3bd4e","https://towards<b>datascience</b>.com/blurred-lines-<b>data</b>-analytics-vs-<b>data-science</b>- 12ff92a3bd4e"
"57","customsearch#result","Data Science Beyond the Hype — What kind of skills you really need?","<b>Data Science</b> Beyond the Hype — What kind of <b>skills</b> you really need?","https://towardsdatascience.com/data-science-beyond-the-hype-what-kind-of-skills-you-really-need-3e66c1ab5235","towardsdatascience.com","Jun 18, 2019 ... Data science is reaching the end of its hype cycle and the skills for becoming a 
data scientist are changing. Besides of fiddling about the best ...","Jun 18, 2019 <b>...</b> <b>Data science</b> is reaching the end of its hype cycle and the <b>skills</b> for becoming a <br>
<b>data scientist</b> are changing. Besides of fiddling about the best&nbsp;...","W0k2VqJ2b1UJ","https://towardsdatascience.com/data-science-beyond-the-hype-what-kind-of- skills-you-really-need-3e66c1ab5235","https://towards<b>datascience</b>.com/<b>data-science</b>-beyond-the-hype-what-kind-of- <b>skills</b>-you-really-need-3e66c1ab5235"
"58","customsearch#result","Data Scientist — A Career worth Pursuing? - Towards Data Science","<b>Data Scientist</b> — A Career worth Pursuing? - Towards <b>Data Science</b>","https://towardsdatascience.com/data-scientist-a-career-worth-pursuing-44fd92a3eae1","towardsdatascience.com","Data Scientist Skills · Statistics and Mathematics · Programming Languages · 
Data · Communication skills · Data Scientist Salary · Salary by Size and Profile of 
the ...","<b>Data Scientist Skills</b> &middot; Statistics and Mathematics &middot; Programming Languages &middot; <br>
Data &middot; Communication <b>skills</b> &middot; <b>Data Scientist</b> Salary &middot; Salary by Size and Profile of <br>
the&nbsp;...","rNMoTGReLNwJ","https://towardsdatascience.com/data-scientist-a-career-worth-pursuing- 44fd92a3eae1","https://towards<b>datascience</b>.com/<b>data</b>-<b>scientist</b>-a-career-worth-pursuing- 44fd92a3eae1"
"59","customsearch#result","Is a data analyst a data scientist? | by Atif M. | Towards Data Science","Is a <b>data analyst</b> a <b>data scientist</b>? | by Atif M. | Towards <b>Data Science</b>","https://towardsdatascience.com/is-a-data-analyst-a-data-scientist-890e24087737","towardsdatascience.com","What skills do they require? There are numerous similarities between data 
scientists and data analysts in terms of the expertise they offer; however, there 
are some ...","What <b>skills</b> do they require? There are numerous similarities between <b>data</b> <br>
<b>scientists</b> and data analysts in terms of the expertise they offer; however, there <br>
are some&nbsp;...","Y4I6nOeoL84J","https://towardsdatascience.com/is-a-data-analyst-a-data-scientist- 890e24087737","https://towards<b>datascience</b>.com/is-a-<b>data</b>-<b>analyst</b>-a-<b>data</b>-<b>scientist</b>- 890e24087737"
"60","customsearch#result","Business Basics for Data Scientists - Towards Data Science","Business Basics for <b>Data Scientists</b> - Towards <b>Data Science</b>","https://towardsdatascience.com/business-basics-for-data-scientists-862f116a82da","towardsdatascience.com","Yet too many forget about the third layer of becoming a quality Data Scientist. Put 
the finishing touches on your Data Science skill set by understanding the ...","Yet too many forget about the third layer of becoming a quality <b>Data Scientist</b>. Put <br>
the finishing touches on your <b>Data Science skill</b> set by understanding the&nbsp;...","R2pz2Ujx9_YJ","https://towardsdatascience.com/business-basics-for-data-scientists- 862f116a82da","https://towards<b>datascience</b>.com/business-basics-for-<b>data</b>-<b>scientists</b>- 862f116a82da"
"61","customsearch#result","4 Essential Skills Often Underestimated by Data Scientists | by Sara ...","4 Essential <b>Skills</b> Often Underestimated by <b>Data Scientists</b> | by Sara ...","https://towardsdatascience.com/4-essential-skills-often-underestimated-by-data-scientists-4650a7c11eee","towardsdatascience.com","Oct 16, 2020 ... Clear and effective communication skills. Communication is the most important 
skill that gets lost in most of the technical fields, not just data ...","Oct 16, 2020 <b>...</b> Clear and effective communication <b>skills</b>. Communication is the most important <br>
<b>skill</b> that gets lost in most of the technical fields, not just <b>data</b>&nbsp;...","Qnui9SbAKpIJ","https://towardsdatascience.com/4-essential-skills-often-underestimated-by- data-scientists-4650a7c11eee","https://towards<b>datascience</b>.com/4-essential-<b>skills</b>-often-underestimated-by- <b>data</b>-<b>scientists</b>-4650a7c11eee"
"62","customsearch#result","My Experience as a Data Scientist vs. a Data Analyst | by Vicky Yu ...","My Experience as a <b>Data Scientist</b> vs. a <b>Data Analyst</b> | by Vicky Yu ...","https://towardsdatascience.com/my-experience-as-a-data-scientist-vs-a-data-analyst-91a41d1b4ab1","towardsdatascience.com","Oct 16, 2020 ... There are many articles about the skills needed to be a data scientist ... 
developed the predictive analytics datamart used by the data science ...","Oct 16, 2020 <b>...</b> There are many articles about the <b>skills</b> needed to be a <b>data scientist</b> ... <br>
developed the predictive analytics datamart used by the <b>data science</b>&nbsp;...","54rCOvagqUEJ","https://towardsdatascience.com/my-experience-as-a-data-scientist-vs-a-data- analyst-91a41d1b4ab1","https://towards<b>datascience</b>.com/my-experience-as-a-<b>data</b>-<b>scientist</b>-vs-a-<b>data</b>- <b>analyst</b>-91a41d1b4ab1"
"63","customsearch#result","8 Python Iteration Skills That Data Scientists Shouldn't Miss Out | by ...","8 Python Iteration <b>Skills</b> That <b>Data Scientists</b> Shouldn&#39;t Miss Out | by ...","https://towardsdatascience.com/8-python-iteration-skills-that-data-scientists-shouldnt-miss-out-6b57fb35e00f","towardsdatascience.com","Aug 25, 2020 ... In this article, I'd like to review 8 useful techniques that we should consider when 
we conduct our data science projects. To illustrate the ...","Aug 25, 2020 <b>...</b> In this article, I&#39;d like to review 8 useful techniques that we should consider when <br>
we conduct our <b>data science</b> projects. To illustrate the&nbsp;...","8yt18QZqamYJ","https://towardsdatascience.com/8-python-iteration-skills-that-data-scientists- shouldnt-miss-out-6b57fb35e00f","https://towards<b>datascience</b>.com/8-python-iteration-<b>skills</b>-that-<b>data</b>-<b>scientists</b>- shouldnt-miss-out-6b57fb35e00f"
"64","customsearch#result","From Data Analyst to Data Scientist - Towards Data Science","From <b>Data Analyst</b> to <b>Data Scientist</b> - Towards <b>Data Science</b>","https://towardsdatascience.com/from-data-analyst-to-data-scientist-f67a724ea265","towardsdatascience.com","Jul 21, 2018 ... Unfortunately life isn't that simple. Here we acknowledge the hard yards to build 
the skills to unlock insight from more-or-less any data.","Jul 21, 2018 <b>...</b> Unfortunately life isn&#39;t that simple. Here we acknowledge the hard yards to build <br>
the <b>skills</b> to unlock insight from more-or-less any <b>data</b>.","ifoq7udOWawJ","https://towardsdatascience.com/from-data-analyst-to-data-scientist- f67a724ea265","https://towards<b>datascience</b>.com/from-<b>data</b>-<b>analyst</b>-to-<b>data</b>-<b>scientist</b>- f67a724ea265"
"65","customsearch#result","The Data Scientist Unicorn. Data Science is a trending topic. Every ...","The <b>Data Scientist</b> Unicorn. <b>Data Science</b> is a trending topic. Every ...","https://towardsdatascience.com/the-data-scientist-unicorn-8c86cb712dde","towardsdatascience.com","Ah! Let's not forget something very important. The Data Scientist should be 
someone who holds great communication skills, business mindset, proactivity 
and as ...","Ah! Let&#39;s not forget something very important. The <b>Data Scientist</b> should be <br>
someone who holds great communication <b>skills</b>, business mindset, proactivity <br>
and as&nbsp;...","WhSxWw1e-3UJ","https://towardsdatascience.com/the-data-scientist-unicorn-8c86cb712dde","https://towards<b>datascience</b>.com/the-<b>data</b>-<b>scientist</b>-unicorn-8c86cb712dde"
"66","customsearch#result","Essential Math for Data Science. The key topics to master to become ...","Essential Math for <b>Data Science</b>. The key topics to master to become ...","https://towardsdatascience.com/essential-math-for-data-science-why-and-how-e88271367fbd","towardsdatascience.com","Almost all the techniques of modern data science, including machine learning ... 
and inquisitive mindset—about the data to function as a top data scientist. ... and 
projections, the math skills required in data science can be significantly different.","Almost all the techniques of modern <b>data science</b>, including machine learning ... <br>
and inquisitive mindset—about the data to function as a top <b>data scientist</b>. ... and <br>
projections, the math <b>skills</b> required in <b>data science</b> can be significantly different.","Wei1ftViH2oJ","https://towardsdatascience.com/essential-math-for-data-science-why-and-how -e88271367fbd","https://towards<b>datascience</b>.com/essential-math-for-<b>data-science</b>-why-and-how -e88271367fbd"
"67","customsearch#result","Theoretical Foundations of Data Science— Should I Care or Simply ...","Theoretical Foundations of <b>Data Science</b>— Should I Care or Simply ...","https://towardsdatascience.com/theoretical-foundations-of-data-science-should-i-care-or-simply-focus-on-hands-on-skills-c53fb0caba66","towardsdatascience.com","Theoretical Foundations of Data Science— Should I Care or Simply Focus on 
Hands-on Skills? · (I) Statistics and Probability · (II) Multivariable Calculus · (III) 
Linear ...","Theoretical Foundations of <b>Data Science</b>— Should I Care or Simply Focus on <br>
Hands-on <b>Skills</b>? &middot; (I) Statistics and Probability &middot; (II) Multivariable Calculus &middot; (III) <br>
Linear&nbsp;...","OIwAFhvrvIoJ","https://towardsdatascience.com/theoretical-foundations-of-data-science- should-i-care-or-simply-focus-on-hands-on-skills-c53fb0caba66","https://towards<b>datascience</b>.com/theoretical-foundations-of-<b>data-science</b>- should-i-care-or-simply-focus-on-hands-on-<b>skills</b>-c53fb0caba66"
"68","customsearch#result","Top 20 Skills and Keywords for Data Science | by Rashi Desai ...","Top 20 <b>Skills</b> and Keywords for <b>Data Science</b> | by Rashi Desai ...","https://towardsdatascience.com/top-20-skills-and-keywords-for-data-science-6bc6bfc8c28a","towardsdatascience.com","AWS, a pioneer in cloud computing has been a vibrant tool for Data Scientists. 
Elastic Compute Cloud (EC2); Simple Storage Service (S3); Relational Database
 ...","AWS, a pioneer in cloud computing has been a vibrant tool for <b>Data Scientists</b>. <br>
Elastic Compute Cloud (EC2); Simple Storage Service (S3); Relational Database<br>
&nbsp;...","EtoCewPm8oQJ","https://towardsdatascience.com/top-20-skills-and-keywords-for-data-science- 6bc6bfc8c28a","https://towards<b>datascience</b>.com/top-20-<b>skills</b>-and-keywords-for-<b>data-science</b>- 6bc6bfc8c28a"
"69","customsearch#result","Machine Learning Engineer vs Data Scientist (Is Data Science Over ...","Machine Learning Engineer vs <b>Data Scientist</b> (Is <b>Data Science</b> Over ...","https://towardsdatascience.com/mlevsds-3c89425baabb","towardsdatascience.com","This required data scientist to have a relatively strong engineering skill on top of 
other skills. But tools for ML and data science have developed quickly and are ...","This required <b>data scientist</b> to have a relatively strong engineering <b>skill</b> on top of <br>
other <b>skills</b>. But tools for ML and <b>data science</b> have developed quickly and are&nbsp;...","pcEwNL3cvFkJ","https://towardsdatascience.com/mlevsds-3c89425baabb","https://towards<b>datascience</b>.com/mlevsds-3c89425baabb"
"70","customsearch#result","Transition from Mechanical Engineer to Machine Learning Engineer ...","Transition from Mechanical Engineer to Machine Learning Engineer ...","https://towardsdatascience.com/transition-from-mechanical-engineer-to-machine-learning-engineer-or-data-scientist-786b9887537","towardsdatascience.com","According to this study, less than 30% of Data Scientists or ML Engineers don't 
have ... Since skill sets in Data Science are commonly categorized into 3 main ...","According to this study, less than 30% of <b>Data Scientists</b> or ML Engineers don&#39;t <br>
have ... Since <b>skill</b> sets in <b>Data Science</b> are commonly categorized into 3 main&nbsp;...","Bgeps48OSncJ","https://towardsdatascience.com/transition-from-mechanical-engineer-to- machine-learning-engineer-or-data-scientist-786b9887537","https://towards<b>datascience</b>.com/transition-from-mechanical-engineer-to- machine-learning-engineer-or-<b>data</b>-<b>scientist</b>-786b9887537"
"71","customsearch#result","Domain Knowledge - Perhaps the Most Important Skill in Data Science","Domain Knowledge - Perhaps the Most Important <b>Skill</b> in <b>Data Science</b>","https://towardsdatascience.com/the-second-most-important-skill-to-have-as-a-data-scientist-2311f9efa143","towardsdatascience.com","In the field of Data Science, Domain Knowledge is often overlooked but perhaps, 
that's the most important skill to have for a Data Scientists.","In the field of <b>Data Science</b>, Domain Knowledge is often overlooked but perhaps, <br>
that&#39;s the most important <b>skill</b> to have for a <b>Data Scientists</b>.","iQ9ysLcGhjUJ","https://towardsdatascience.com/the-second-most-important-skill-to-have-as-a- data-scientist-2311f9efa143","https://towards<b>datascience</b>.com/the-second-most-important-<b>skill</b>-to-have-as-a- <b>data</b>-<b>scientist</b>-2311f9efa143"
"72","customsearch#result","Closet Data Scientists — Who Are They? - Towards Data Science","Closet <b>Data Scientists</b> — Who Are They? - Towards <b>Data Science</b>","https://towardsdatascience.com/closet-data-scientists-who-are-they-b22219f8c759","towardsdatascience.com","Picking Up Skills in an Era of Compressing Technology Waves. The field of 
Artificial Intelligence (AI) is progressing so fast that the list of data science skill 
sets is ...","Picking Up <b>Skills</b> in an Era of Compressing Technology Waves. The field of <br>
Artificial Intelligence (AI) is progressing so fast that the list of <b>data science skill</b> <br>
sets is&nbsp;...","OzrJWfY5StwJ","https://towardsdatascience.com/closet-data-scientists-who-are-they- b22219f8c759","https://towards<b>datascience</b>.com/closet-<b>data</b>-<b>scientists</b>-who-are-they- b22219f8c759"
"73","customsearch#result","Do you have the Software Engineer and Data Scientist skills ...","Do you have the Software Engineer and <b>Data Scientist skills</b> ...","https://towardsdatascience.com/do-you-have-the-software-engineer-and-data-scientist-skills-probably-not-7e8fb069e067","towardsdatascience.com","Jul 24, 2020 ... However, many problems could happen in the data science process that is not as 
easily detectable as a functional error that crashes the program.","Jul 24, 2020 <b>...</b> However, many problems could happen in the <b>data science</b> process that is not as <br>
easily detectable as a functional error that crashes the program.","kLHU1ugpzxQJ","https://towardsdatascience.com/do-you-have-the-software-engineer-and-data- scientist-skills-probably-not-7e8fb069e067","https://towards<b>datascience</b>.com/do-you-have-the-software-engineer-and-<b>data</b>- <b>scientist</b>-<b>skills</b>-probably-not-7e8fb069e067"
"74","customsearch#result","Python and R — Unequivocal Champions of Data Science | by ...","Python and R — Unequivocal Champions of <b>Data Science</b> | by ...","https://towardsdatascience.com/python-and-r-unequivocal-champions-of-data-science-31ab4d1fa45e","towardsdatascience.com","Some of the technical skills (programming languages) mentioned in data scientist 
job ads include the following: Python; R; Matlab; Hadoop; SAS; SQL; Tableau ...","Some of the technical <b>skills</b> (programming languages) mentioned in <b>data scientist</b> <br>
job ads include the following: Python; R; Matlab; Hadoop; SAS; SQL; Tableau&nbsp;...","wMKGFfzJKNIJ","https://towardsdatascience.com/python-and-r-unequivocal-champions-of-data -science-31ab4d1fa45e","https://towards<b>datascience</b>.com/python-and-r-unequivocal-champions-of-<b>data -science</b>-31ab4d1fa45e"
"75","customsearch#result","What is a Full Stack Data Scientist? - Towards Data Science","What is a Full Stack <b>Data Scientist</b>? - Towards <b>Data Science</b>","https://towardsdatascience.com/full-stack-data-scientist-a-jack-of-all-trades-6490e007298","towardsdatascience.com","The scope of the role and skills required · Business problem. · Data collection/
identification · Data exploration and analysis · Machine learning · Model analysis 
and ...","The scope of the role and <b>skills</b> required &middot; Business problem. &middot; <b>Data</b> collection/<br>
identification &middot; <b>Data</b> exploration and analysis &middot; Machine learning &middot; Model analysis <br>
and&nbsp;...","_AHAkNUIAMoJ","https://towardsdatascience.com/full-stack-data-scientist-a-jack-of-all-trades- 6490e007298","https://towards<b>datascience</b>.com/full-stack-<b>data</b>-<b>scientist</b>-a-jack-of-all-trades- 6490e007298"
"76","customsearch#result","5 Ways to Improve Your Data Science Skills in the time of COVID-19 ...","5 Ways to Improve Your <b>Data Science Skills</b> in the time of COVID-19 ...","https://towardsdatascience.com/5-ways-to-improve-your-data-science-skills-in-the-time-of-covid-19-409ba813178a","towardsdatascience.com","Cons: The courses tend to be geared mostly towards beginners, so there may not 
be a ton of courses for advanced data scientists. There is also a lack of ...","Cons: The courses tend to be geared mostly towards beginners, so there may not <br>
be a ton of courses for advanced <b>data scientists</b>. There is also a lack of&nbsp;...","kGTSX5U1Uz8J","https://towardsdatascience.com/5-ways-to-improve-your-data-science-skills-in -the-time-of-covid-19-409ba813178a","https://towards<b>datascience</b>.com/5-ways-to-improve-your-<b>data-science</b>-<b>skills</b>-in -the-time-of-covid-19-409ba813178a"
"77","customsearch#result","Data Scientist vs Data Engineer. Here's the Difference. | Towards ...","<b>Data Scientist</b> vs Data Engineer. Here&#39;s the Difference. | Towards ...","https://towardsdatascience.com/data-scientist-vs-data-engineer-heres-the-difference-14f7798e3432","towardsdatascience.com","I will be discussing in more detail the skills, concepts, similarities, and differences 
between the two positions. Please read below for a discussion on Data Science ...","I will be discussing in more detail the <b>skills</b>, concepts, similarities, and differences <br>
between the two positions. Please read below for a discussion on <b>Data Science</b>&nbsp;...","TDwrLcmDcT0J","https://towardsdatascience.com/data-scientist-vs-data-engineer-heres-the- difference-14f7798e3432","https://towards<b>datascience</b>.com/<b>data</b>-<b>scientist</b>-vs-<b>data</b>-engineer-heres-the- difference-14f7798e3432"
"78","customsearch#result","Client-facing skills for data science consultants: luxury or necessity ...","Client-facing <b>skills</b> for <b>data science</b> consultants: luxury or necessity ...","https://towardsdatascience.com/what-is-takes-to-be-a-top-data-science-consultant-part-1-client-facing-skills-7803f5c8974c","towardsdatascience.com","Sep 28, 2020 ... There was a time that I thought you could be a top data science consultant by 
having excellent core tech skills like machine learning, data ...","Sep 28, 2020 <b>...</b> There was a time that I thought you could be a top <b>data science</b> consultant by <br>
having excellent core tech <b>skills</b> like machine learning, <b>data</b>&nbsp;...","7u-p_oijVcEJ","https://towardsdatascience.com/what-is-takes-to-be-a-top-data-science- consultant-part-1-client-facing-skills-7803f5c8974c","https://towards<b>datascience</b>.com/what-is-takes-to-be-a-top-<b>data-science</b>- consultant-part-1-client-facing-<b>skills</b>-7803f5c8974c"
"79","customsearch#result","Data Scientist vs Software Engineer. Here's the Difference ...","<b>Data Scientist</b> vs Software Engineer. Here&#39;s the Difference ...","https://towardsdatascience.com/data-scientist-vs-software-engineer-heres-the-difference-d0497cad8ee4","towardsdatascience.com","Dec 3, 2020 ... Similarities between Data Science and Software Engineering, Python, ... The 
main skills for a Data Scientist include, but are not limited to: Skills.","Dec 3, 2020 <b>...</b> Similarities between <b>Data Science</b> and Software Engineering, Python, ... The <br>
main <b>skills</b> for a <b>Data Scientist</b> include, but are not limited to: <b>Skills</b>.","Yzh_8jRvI4YJ","https://towardsdatascience.com/data-scientist-vs-software-engineer-heres-the- difference-d0497cad8ee4","https://towards<b>datascience</b>.com/<b>data</b>-<b>scientist</b>-vs-software-engineer-heres-the- difference-d0497cad8ee4"
"80","customsearch#result","Self-Taught Data Scientist: Showcase Yourself with a Personal ...","Self-Taught <b>Data Scientist</b>: Showcase Yourself with a Personal ...","https://towardsdatascience.com/self-taught-data-scientist-showcase-yourself-with-a-personal-website-79fc31580c2","towardsdatascience.com","Not having a college degree in data science makes it difficult to convince others 
of your skills. Not having any job experience makes it even more difficult. As you
 ...","Not having a college degree in <b>data science</b> makes it difficult to convince others <br>
of your <b>skills</b>. Not having any job experience makes it even more difficult. As you<br>
&nbsp;...","sQt2hCshqu0J","https://towardsdatascience.com/self-taught-data-scientist-showcase-yourself- with-a-personal-website-79fc31580c2","https://towards<b>datascience</b>.com/self-taught-<b>data</b>-<b>scientist</b>-showcase-yourself- with-a-personal-website-79fc31580c2"
"81","customsearch#result","Most In-Demand Tech Skills for Data Analysts - Towards Data Science","Most In-Demand Tech <b>Skills</b> for <b>Data</b> Analysts - Towards <b>Data Science</b>","https://towardsdatascience.com/most-in-demand-tech-skills-for-data-analysts-26d4ea4450f8","towardsdatascience.com","Jan 14, 2020 ... This is my third article looking at technology skills in data-intensive positions. See 
the previous articles on data scientists · I scraped information ...","Jan 14, 2020 <b>...</b> This is my third article looking at technology <b>skills</b> in data-intensive positions. See <br>
the previous articles on <b>data scientists</b> &middot; I scraped information&nbsp;...","BAn0wvqcKqUJ","https://towardsdatascience.com/most-in-demand-tech-skills-for-data-analysts- 26d4ea4450f8","https://towards<b>datascience</b>.com/most-in-demand-tech-<b>skills</b>-for-<b>data</b>-<b>analyst</b>s- 26d4ea4450f8"
"82","customsearch#result","Data Science: 5 Skills to Become a Data Scientist | by Mayank ...","<b>Data Science</b>: 5 <b>Skills</b> to Become a <b>Data Scientist</b> | by Mayank ...","https://towardsdatascience.com/data-science-5-skills-to-become-a-data-scientist-9a5ea6ab0a09","towardsdatascience.com","Regardless of whether you are currently a Data Scientist or not, there is always 
room to be one if you have the urge to learn new skills. Many young IT folks and ...","Regardless of whether you are currently a <b>Data Scientist</b> or not, there is always <br>
room to be one if you have the urge to learn new <b>skills</b>. Many young IT folks and&nbsp;...","_qvrsloZc-sJ","https://towardsdatascience.com/data-science-5-skills-to-become-a-data- scientist-9a5ea6ab0a09","https://towards<b>datascience</b>.com/<b>data-science</b>-5-<b>skills</b>-to-become-a-<b>data</b>- <b>scientist</b>-9a5ea6ab0a09"
"83","customsearch#result","Inexperienced Data Scientist's Guide to Meet the Opportunity | by ...","Inexperienced <b>Data Scientist&#39;s</b> Guide to Meet the Opportunity | by ...","https://towardsdatascience.com/inexperienced-data-scientists-guide-to-meet-the-opportunity-9e8078e5ad74","towardsdatascience.com","Oct 4, 2020 ... What is the most important thing to do after you got your skills to be a data 
scientist? Find a job, start a career in Data Science. I am sure I don't ...","Oct 4, 2020 <b>...</b> What is the most important thing to do after you got your <b>skills</b> to be a <b>data</b> <br>
<b>scientist</b>? Find a job, start a career in <b>Data Science</b>. I am sure I don&#39;t&nbsp;...","jq94QIGVxDQJ","https://towardsdatascience.com/inexperienced-data-scientists-guide-to-meet- the-opportunity-9e8078e5ad74","https://towards<b>datascience</b>.com/inexperienced-<b>data</b>-<b>scientists</b>-guide-to-meet- the-opportunity-9e8078e5ad74"
"84","customsearch#result","Show off your Data Science skills with Kaggle Kernels | by ...","Show off your <b>Data Science skills</b> with Kaggle Kernels | by ...","https://towardsdatascience.com/show-off-your-data-science-skills-with-kaggle-kernels-762403618c5","towardsdatascience.com","Feb 10, 2019 ... It's primarily driven by the amount of Hype this domain has received in the past — 
starting from HBR's “Data Scientist: The Sexiest Job of the ...","Feb 10, 2019 <b>...</b> It&#39;s primarily driven by the amount of Hype this domain has received in the past — <br>
starting from HBR&#39;s “<b>Data Scientist</b>: The Sexiest Job of the&nbsp;...","60OludOcuXkJ","https://towardsdatascience.com/show-off-your-data-science-skills-with-kaggle -kernels-762403618c5","https://towards<b>datascience</b>.com/show-off-your-<b>data-science</b>-<b>skills</b>-with-kaggle -kernels-762403618c5"
"85","customsearch#result","Data Science Skills: Web scraping using python | by Kerry Parker ...","<b>Data Science Skills</b>: Web scraping using python | by Kerry Parker ...","https://towardsdatascience.com/data-science-skills-web-scraping-using-python-d1a85ef607ed","towardsdatascience.com","One of the first tasks that I was given in my job as a Data Scientist involved Web 
Scraping. This was a completely alien concept to me at the time, gathering data ...","One of the first tasks that I was given in my job as a <b>Data Scientist</b> involved Web <br>
Scraping. This was a completely alien concept to me at the time, gathering data&nbsp;...","qQdYXz2PWrYJ","https://towardsdatascience.com/data-science-skills-web-scraping-using-python -d1a85ef607ed","https://towards<b>datascience</b>.com/<b>data-science</b>-<b>skills</b>-web-scraping-using-python -d1a85ef607ed"
"86","customsearch#result","Data Science Skills for 2020. How to progress as a Data Scientist ...","<b>Data Science Skills</b> for 2020. How to progress as a <b>Data Scientist</b> ...","https://towardsdatascience.com/data-science-skills-for-2020-9e71ff46fbc0","towardsdatascience.com","Nov 23, 2019 ... Data Science is exciting, rewarding, and fun. However, many people find the 
learning process overwhelming. Our jobs are expected to require ...","Nov 23, 2019 <b>...</b> <b>Data Science</b> is exciting, rewarding, and fun. However, many people find the <br>
learning process overwhelming. Our jobs are expected to require&nbsp;...","PgdE0n6DaAsJ","https://towardsdatascience.com/data-science-skills-for-2020-9e71ff46fbc0","https://towards<b>datascience</b>.com/<b>data-science</b>-<b>skills</b>-for-2020-9e71ff46fbc0"
"87","customsearch#result","A Learning Path To Becoming a Data Scientist | by Sara A. Metwalli ...","A Learning Path To Becoming a <b>Data Scientist</b> | by Sara A. Metwalli ...","https://towardsdatascience.com/a-learning-path-to-becoming-a-data-scientist-56c5c2e8ae3f","towardsdatascience.com","But before you take a deep dive into the big sea of data science, you need to 
familiarize yourself with some basics first. There are important skills you need to ...","But before you take a deep dive into the big sea of <b>data science</b>, you need to <br>
familiarize yourself with some basics first. There are important <b>skills</b> you need to&nbsp;...","PfH1Z_GFiTcJ","https://towardsdatascience.com/a-learning-path-to-becoming-a-data-scientist- 56c5c2e8ae3f","https://towards<b>datascience</b>.com/a-learning-path-to-becoming-a-<b>data</b>-<b>scientist</b>- 56c5c2e8ae3f"
"88","customsearch#result","Top 5 must-have Data Science skills for 2020 | by Joos Korstanje ...","Top 5 must-have <b>Data Science skills</b> for 2020 | by Joos Korstanje ...","https://towardsdatascience.com/top-5-must-have-data-science-skills-for-2020-a5a53226b168","towardsdatascience.com","Dec 21, 2019 ... “R, Python, SQL and Machine Learning” has for a long time been the standard 
job description of a Data Scientist. But with the field evolving, this ...","Dec 21, 2019 <b>...</b> “R, Python, SQL and Machine Learning” has for a long time been the standard <br>
job description of a <b>Data Scientist</b>. But with the field evolving, this&nbsp;...","gTOQQHB-xaUJ","https://towardsdatascience.com/top-5-must-have-data-science-skills-for-2020- a5a53226b168","https://towards<b>datascience</b>.com/top-5-must-have-<b>data-science</b>-<b>skills</b>-for-2020- a5a53226b168"
"89","customsearch#result","What's Next If You Can't Get a Data Scientist Job | by Vicky Yu | Feb ...","What&#39;s Next If You Can&#39;t Get a <b>Data Scientist</b> Job | by Vicky Yu | Feb ...","https://towardsdatascience.com/whats-next-if-you-can-t-get-a-data-scientist-job-8309c6d0a895","towardsdatascience.com","Feb 12, 2021 ... Below are other options related to data science you can explore. If you've trained 
to be a data scientist then chances are your coding skills may ...","Feb 12, 2021 <b>...</b> Below are other options related to <b>data science</b> you can explore. If you&#39;ve trained <br>
to be a <b>data scientist</b> then chances are your coding <b>skills</b> may&nbsp;...","cIbCY3do0SsJ","https://towardsdatascience.com/whats-next-if-you-can-t-get-a-data-scientist- job-8309c6d0a895","https://towards<b>datascience</b>.com/whats-next-if-you-can-t-get-a-<b>data</b>-<b>scientist</b>- job-8309c6d0a895"
"90","customsearch#result","The Amazon Data Scientist Interview - Towards Data Science","The Amazon <b>Data Scientist</b> Interview - Towards <b>Data Science</b>","https://towardsdatascience.com/the-amazon-data-scientist-interview-93ba7195e4c9","towardsdatascience.com","Feb 5, 2020 ... Excellent verbal and written communication skills with the ability to effectively 
advocate technical solutions to research scientists, engineering ...","Feb 5, 2020 <b>...</b> Excellent verbal and written communication <b>skills</b> with the ability to effectively <br>
advocate technical solutions to research <b>scientists</b>, engineering&nbsp;...","mHIL4PP8yVgJ","https://towardsdatascience.com/the-amazon-data-scientist-interview- 93ba7195e4c9","https://towards<b>datascience</b>.com/the-amazon-<b>data</b>-<b>scientist</b>-interview- 93ba7195e4c9"
"91","customsearch#result","Five Skills All Data Scientists Should Master - Towards Data Science","Five <b>Skills</b> All <b>Data Scientists</b> Should Master - Towards <b>Data Science</b>","https://towardsdatascience.com/the-five-essential-skills-all-data-scientists-should-master-3f88b2ad456e","towardsdatascience.com","When most people think about data science, they imagine ultra-complicated 
models, terabyte-sized databases, and sophisticated multi-monitor dashboards.","When most people think about <b>data science</b>, they imagine ultra-complicated <br>
models, terabyte-sized databases, and sophisticated multi-monitor dashboards.","IaKR7DCLvWMJ","https://towardsdatascience.com/the-five-essential-skills-all-data-scientists- should-master-3f88b2ad456e","https://towards<b>datascience</b>.com/the-five-essential-<b>skills</b>-all-<b>data</b>-<b>scientists</b>- should-master-3f88b2ad456e"
"92","customsearch#result","What you should have on your Data Scientist Resume (Especially in ...","What you should have on your <b>Data Scientist</b> Resume (Especially in ...","https://towardsdatascience.com/what-you-should-have-on-your-data-scientist-resume-especially-in-the-pandemic-time-2bf15fbf8051","towardsdatascience.com","For the Data Scientist position, it would be our data science related skills. Expect 
to write something like,. “{Your major} Fresh Graduate with a passion for {the ...","For the <b>Data Scientist</b> position, it would be our <b>data science</b> related <b>skills</b>. Expect <br>
to write something like,. “{Your major} Fresh Graduate with a passion for {the&nbsp;...","RFrujyGo9cAJ","https://towardsdatascience.com/what-you-should-have-on-your-data-scientist- resume-especially-in-the-pandemic-time-2bf15fbf8051","https://towards<b>datascience</b>.com/what-you-should-have-on-your-<b>data</b>-<b>scientist</b>- resume-especially-in-the-pandemic-time-2bf15fbf8051"
"93","customsearch#result","How Much Data Engineering Does A Data Scientist Need To Know ...","How Much Data Engineering Does A <b>Data Scientist</b> Need To Know ...","https://towardsdatascience.com/how-much-data-engineering-does-a-data-scientist-need-to-know-93afe7fab40c","towardsdatascience.com","Data Science has become a huge buzzword in the last 5 years. ... However, any 
data scientist will appreciate these skills in due time. Often, growth does not ...","<b>Data Science</b> has become a huge buzzword in the last 5 years. ... However, any <br>
<b>data scientist</b> will appreciate these <b>skills</b> in due time. Often, growth does not&nbsp;...","ITmEu4YKS3QJ","https://towardsdatascience.com/how-much-data-engineering-does-a-data- scientist-need-to-know-93afe7fab40c","https://towards<b>datascience</b>.com/how-much-<b>data</b>-engineering-does-a-<b>data</b>- <b>scientist</b>-need-to-know-93afe7fab40c"
"94","customsearch#result","How to Write a Winning Data Science Resume | Towards Data ...","How to Write a Winning <b>Data Science</b> Resume | Towards <b>Data</b> ...","https://towardsdatascience.com/how-to-write-a-winning-data-science-resume-aa8a60698456","towardsdatascience.com","There are plenty of well-qualified data scientists out in the job market, and some 
... However, in terms of your resume, you will need to articulate your skills in a ...","There are plenty of well-qualified <b>data scientists</b> out in the job market, and some <br>
... However, in terms of your resume, you will need to articulate your <b>skills</b> in a&nbsp;...","KzPkF_snTiQJ","https://towardsdatascience.com/how-to-write-a-winning-data-science-resume- aa8a60698456","https://towards<b>datascience</b>.com/how-to-write-a-winning-<b>data-science</b>-resume- aa8a60698456"
"95","customsearch#result","What Type of Data Scientist Are You? - Towards Data Science","What Type of <b>Data Scientist</b> Are You? - Towards <b>Data Science</b>","https://towardsdatascience.com/what-type-of-data-scientist-are-you-84c3c2b9fc16","towardsdatascience.com","For example, a senior data science role specializing in a niche area is likely to 
require greater skills and qualifications than an entry level generalist role.","For example, a senior <b>data science</b> role specializing in a niche area is likely to <br>
require greater <b>skills</b> and qualifications than an entry level generalist role.","VOpPe-ZL0SMJ","https://towardsdatascience.com/what-type-of-data-scientist-are-you- 84c3c2b9fc16","https://towards<b>datascience</b>.com/what-type-of-<b>data</b>-<b>scientist</b>-are-you- 84c3c2b9fc16"
"96","customsearch#result","I Became a Freelancing Data Scientist - Towards Data Science","I Became a Freelancing <b>Data Scientist</b> - Towards <b>Data Science</b>","https://towardsdatascience.com/my-freelancing-experience-on-upwork-after-two-months-5b7e10b0477a","towardsdatascience.com","Aug 4, 2019 ... Early in 2019, I started doing some freelancing work on data-related projects with 
the purposes of (a) strengthening my data science skills and ...","Aug 4, 2019 <b>...</b> Early in 2019, I started doing some freelancing work on <b>data</b>-related projects with <br>
the purposes of (a) strengthening my <b>data science skills</b> and&nbsp;...","UTjxl8Nx4hoJ","https://towardsdatascience.com/my-freelancing-experience-on-upwork-after- two-months-5b7e10b0477a","https://towards<b>datascience</b>.com/my-freelancing-experience-on-upwork-after- two-months-5b7e10b0477a"
"97","customsearch#result","A Data Science Career Survival Guide | by Chris Kenwright ...","A <b>Data Science</b> Career Survival Guide | by Chris Kenwright ...","https://towardsdatascience.com/data-science-career-survival-guide-a51e96b31498","towardsdatascience.com","Aug 6, 2017 ... Again, none of the articles above would need to be written if being a data 
scientist was just about numerical skills. And if your career objective is ...","Aug 6, 2017 <b>...</b> Again, none of the articles above would need to be written if being a <b>data</b> <br>
<b>scientist</b> was just about numerical <b>skills</b>. And if your career objective is&nbsp;...","Y8cgswijSsIJ","https://towardsdatascience.com/data-science-career-survival-guide- a51e96b31498","https://towards<b>datascience</b>.com/<b>data-science</b>-career-survival-guide- a51e96b31498"
"98","customsearch#result","What is the key skill that the best data scientists have? | by André ...","What is the key <b>skill</b> that the best <b>data scientists</b> have? | by André ...","https://towardsdatascience.com/what-is-the-key-skill-that-the-best-data-scientists-have-655edea228ac","towardsdatascience.com","There is a skill that can make you stand out from the crowd. Discover ... access 
logs etc — were tailored to store data from app transactions and aren't directly 
useful to data science. ... A data scientist usually needs analytical bases to work 
with.","There is a <b>skill</b> that can make you stand out from the crowd. Discover ... access <br>
logs etc — were tailored to store data from app transactions and aren&#39;t directly <br>
useful to <b>data science</b>. ... A <b>data scientist</b> usually needs analytical bases to work <br>
with.","pZnOOKENzJgJ","https://towardsdatascience.com/what-is-the-key-skill-that-the-best-data- scientists-have-655edea228ac","https://towards<b>datascience</b>.com/what-is-the-key-<b>skill</b>-that-the-best-<b>data</b>- <b>scientists</b>-have-655edea228ac"
"99","customsearch#result","The Essential Skills Most Data Science Courses Won't Teach You ...","The Essential <b>Skills</b> Most <b>Data Science</b> Courses Won&#39;t Teach You ...","https://towardsdatascience.com/the-essential-skills-most-data-science-courses-wont-teach-you-5ceb0c4d17ce","towardsdatascience.com","Software engineering. A few years ago when looking at job adverts for data 
scientists the skill set usually was heavily focussed on having a background in ...","Software engineering. A few years ago when looking at job adverts for <b>data</b> <br>
<b>scientists</b> the <b>skill</b> set usually was heavily focussed on having a background in&nbsp;...","QnAqoRR_eYUJ","https://towardsdatascience.com/the-essential-skills-most-data-science-courses- wont-teach-you-5ceb0c4d17ce","https://towards<b>datascience</b>.com/the-essential-<b>skills</b>-most-<b>data-science</b>-courses- wont-teach-you-5ceb0c4d17ce"
"100","customsearch#result","The Most In-Demand Skills for Data Scientists in 2021 | by Terence ...","The Most In-Demand <b>Skills</b> for <b>Data Scientists</b> in 2021 | by Terence ...","https://towardsdatascience.com/the-most-in-demand-skills-for-data-scientists-in-2021-4b2a808f4005","towardsdatascience.com","Take what you want from this analysis — it's obvious that the insights gathered 
from webscraping job postings are not a perfect correlation to what data science
 ...","Take what you want from this analysis — it&#39;s obvious that the insights gathered <br>
from webscraping job postings are not a perfect correlation to what <b>data science</b><br>
&nbsp;...","jh9FsedFoYIJ","https://towardsdatascience.com/the-most-in-demand-skills-for-data-scientists- in-2021-4b2a808f4005","https://towards<b>datascience</b>.com/the-most-in-demand-<b>skills</b>-for-<b>data</b>-<b>scientists</b>- in-2021-4b2a808f4005"
